Date,Location,new_case,new_death,Admin_Dose_1,dose_distributed,popf12,Ne,poptotal
1/3/2021,PE,0,0,1674,5100,145431,138886.605,164318
1/10/2021,PE,6,0,2485,6075,145431,138886.605,164318
1/17/2021,PE,2,0,4308,8250,145431,138886.605,164318
1/24/2021,PE,6,0,5231,8250,145431,138886.605,164318
1/31/2021,PE,1,0,5286,8250,145431,138886.605,164318
2/7/2021,PE,2,0,5309,8250,145431,138886.605,164318
2/14/2021,PE,1,0,5697,8250,145431,138886.605,164318
2/21/2021,PE,1,0,6458,8250,145431,138886.605,164318
2/28/2021,PE,17,0,7371,9554,145431,138886.605,164318
3/7/2021,PE,9,0,8678,10373,145431,138886.605,164318
3/14/2021,PE,2,0,10397,13543,145431,138886.605,164318
3/21/2021,PE,5,0,13008,16324,145431,138886.605,164318
3/28/2021,PE,8,0,15302,21585,145431,138886.605,164318
4/4/2021,PE,4,0,19830,25481,145431,138886.605,164318
4/11/2021,PE,2,0,26330,36653,145431,138886.605,164318
4/18/2021,PE,8,0,33443,44784,145431,138886.605,164318
4/25/2021,PE,5,0,39609,48648,145431,138886.605,164318
5/2/2021,PE,7,0,45455,51446,145431,138886.605,164318
5/9/2021,PE,4,0,52667,66081,145431,138886.605,164318
5/16/2021,PE,5,0,62209,73973,145431,138886.605,164318
5/23/2021,PE,9,0,71427,81344,145431,138886.605,164318
5/30/2021,PE,2,0,79901,93289,145431,138886.605,164318
6/6/2021,PE,4,0,89837,104488,145431,138886.605,164318
6/13/2021,PE,0,0,99362,114429,145431,138886.605,164318
6/20/2021,PE,0,0,108970,122065,145431,138886.605,164318
6/27/2021,PE,0,0,114442,153783,145431,138886.605,164318
7/4/2021,PE,1,0,117274,171254,145431,138886.605,164318
7/11/2021,PE,1,0,119749,171960,145431,138886.605,164318
7/18/2021,PE,0,0,121913,172716,145431,138886.605,164318
7/25/2021,PE,0,0,123234,175177,145431,138886.605,164318
8/1/2021,PE,0,0,124530,179433,145431,138886.605,164318
8/8/2021,PE,4,0,125660,182016,145431,138886.605,164318
8/15/2021,PE,6,0,126543,182016,145431,138886.605,164318
8/22/2021,PE,6,0,127418,182016,145431,138886.605,164318
8/29/2021,PE,6,0,128223,182016,145431,138886.605,164318
9/5/2021,PE,3,0,128980,182016,145431,138886.605,164318
9/12/2021,PE,14,0,129623,182016,145431,138886.605,164318
9/19/2021,PE,37,0,130542,182016,145431,138886.605,164318
9/26/2021,PE,11,0,131534,182016,145431,138886.605,164318
10/3/2021,PE,7,0,132561,182016,145431,138886.605,164318
10/10/2021,PE,4,0,133929,182016,145431,138886.605,164318
10/17/2021,PE,6,0,134760,182016,145431,138886.605,164318
10/24/2021,PE,3,0,135535,182016,145431,138886.605,164318
10/31/2021,PE,2,0,136074,182016,145431,138886.605,164318
11/7/2021,PE,7,0,136407,182016,145431,138886.605,164318
11/14/2021,PE,3,0,136866,182016,145431,138886.605,164318
11/21/2021,PE,16,0,137201,182016,145431,138886.605,164318
1/3/2021,NL,0,0,1785,6300,467760,467760,520553
1/10/2021,NL,3,0,2847,8250,467760,467760,520553
1/17/2021,NL,3,0,4250,10322,467760,467760,520553
1/24/2021,NL,2,0,7448,14766,467760,467760,520553
1/31/2021,NL,10,0,8353,14766,467760,467760,520553
2/7/2021,NL,8,0,8890,14766,467760,467760,520553
2/14/2021,NL,281,0,9792,15501,467760,467760,520553
2/21/2021,NL,229,0,10436,19011,467760,467760,520553
2/28/2021,NL,61,2,16623,27708,467760,467760,520553
3/7/2021,NL,19,0,21087,32334,467760,467760,520553
3/14/2021,NL,6,0,27418,45184,467760,467760,520553
3/21/2021,NL,2,0,38915,57228,467760,467760,520553
3/28/2021,NL,2,0,51244,74719,467760,467760,520553
4/4/2021,NL,4,0,78734,92013,467760,467760,520553
4/11/2021,NL,10,0,100594,135037,467760,467760,520553
4/18/2021,NL,13,0,122808,159466,467760,467760,520553
4/25/2021,NL,15,0,147423,178206,467760,467760,520553
5/2/2021,NL,41,0,171285,191085,467760,467760,520553
5/9/2021,NL,39,0,193584,235265,467760,467760,520553
5/16/2021,NL,55,0,225770,269337,467760,467760,520553
5/23/2021,NL,60,0,260190,306209,467760,467760,520553
5/30/2021,NL,56,0,290038,347911,467760,467760,520553
6/6/2021,NL,43,0,318238,381584,467760,467760,520553
6/13/2021,NL,23,1,343290,413535,467760,467760,520553
6/20/2021,NL,8,0,363831,437780,467760,467760,520553
6/27/2021,NL,1,0,378807,521002,467760,467760,520553
7/4/2021,NL,3,0,384504,591106,467760,467760,520553
7/11/2021,NL,15,0,392429,591106,467760,467760,520553
7/18/2021,NL,31,0,397427,598980,467760,467760,520553
7/25/2021,NL,4,0,399946,599806,467760,467760,520553
8/1/2021,NL,0,0,403456,614420,467760,467760,520553
8/8/2021,NL,6,0,407370,614420,467760,467760,520553
8/15/2021,NL,4,0,411260,614420,467760,467760,520553
8/22/2021,NL,11,0,413918,614420,467760,467760,520553
8/29/2021,NL,11,1,416570,614420,467760,467760,520553
9/5/2021,NL,22,0,418923,614420,467760,467760,520553
9/12/2021,NL,41,0,421222,614420,467760,467760,520553
9/19/2021,NL,23,0,423500,614420,467760,467760,520553
9/26/2021,NL,137,0,426570,614420,467760,467760,520553
10/3/2021,NL,112,3,430575,614420,467760,467760,520553
10/10/2021,NL,44,1,435167,614420,467760,467760,520553
10/17/2021,NL,33,2,440564,614420,467760,467760,520553
10/24/2021,NL,47,2,447737,614420,467760,467760,520553
10/31/2021,NL,64,1,451476,614420,467760,467760,520553
11/7/2021,NL,11,0,453632,614420,467760,467760,520553
11/14/2021,NL,22,0,455271,614420,467760,467760,520553
11/21/2021,NL,10,1,457061,614420,467760,467760,520553
1/3/2021,NT,0,0,130,7200,38364,32762.856,45504
1/10/2021,NT,0,0,511,7200,38364,32762.856,45504
1/17/2021,NT,4,0,1891,7200,38364,32762.856,45504
1/24/2021,NT,3,0,9471,14400,38364,32762.856,45504
1/31/2021,NT,0,0,12247,14400,38364,32762.856,45504
2/7/2021,NT,1,0,12830,14400,38364,32762.856,45504
2/14/2021,NT,6,0,13575,18521,38364,32762.856,45504
2/21/2021,NT,4,0,14517,18521,38364,32762.856,45504
2/28/2021,NT,0,0,15214,18521,38364,32762.856,45504
3/7/2021,NT,0,0,17053,24151,38364,32762.856,45504
3/14/2021,NT,0,0,19685,24151,38364,32762.856,45504
3/21/2021,NT,0,0,22113,36213,38364,32762.856,45504
3/28/2021,NT,0,0,23721,38319,38364,32762.856,45504
4/4/2021,NT,0,0,24102,38319,38364,32762.856,45504
4/11/2021,NT,1,0,24745,38319,38364,32762.856,45504
4/18/2021,NT,0,0,25374,39831,38364,32762.856,45504
4/25/2021,NT,5,0,25856,39831,38364,32762.856,45504
5/2/2021,NT,4,0,26332,39831,38364,32762.856,45504
5/9/2021,NT,47,0,27308,39831,38364,32762.856,45504
5/16/2021,NT,22,0,28358,39831,38364,32762.856,45504
5/23/2021,NT,6,0,28895,39831,38364,32762.856,45504
5/30/2021,NT,0,0,29591,40168,38364,32762.856,45504
6/6/2021,NT,1,0,25667,56192,38364,32762.856,45504
6/13/2021,NT,0,0,26114,60872,38364,32762.856,45504
6/20/2021,NT,0,0,26581,60872,38364,32762.856,45504
6/27/2021,NT,0,0,26938,60872,38364,32762.856,45504
7/4/2021,NT,0,0,27206,60872,38364,32762.856,45504
7/11/2021,NT,0,0,27445,60872,38364,32762.856,45504
7/18/2021,NT,0,0,27704,60872,38364,32762.856,45504
7/25/2021,NT,0,0,27910,60872,38364,32762.856,45504
8/1/2021,NT,0,0,28087,60872,38364,32762.856,45504
8/8/2021,NT,2,0,28271,60872,38364,32762.856,45504
8/15/2021,NT,3,0,28492,60872,38364,32762.856,45504
8/22/2021,NT,196,0,28882,60872,38364,32762.856,45504
8/29/2021,NT,71,1,29268,60872,38364,32762.856,45504
9/5/2021,NT,99,0,29500,60872,38364,32762.856,45504
9/12/2021,NT,92,0,29758,60872,38364,32762.856,45504
9/19/2021,NT,158,0,29985,60872,38364,32762.856,45504
9/26/2021,NT,169,1,30183,60872,38364,32762.856,45504
10/3/2021,NT,225,4,30387,60872,38364,32762.856,45504
10/10/2021,NT,313,0,30613,60872,38364,32762.856,45504
10/17/2021,NT,182,3,30818,60872,38364,32762.856,45504
10/24/2021,NT,148,0,31121,60872,38364,32762.856,45504
10/31/2021,NT,77,2,31338,60872,38364,32762.856,45504
11/7/2021,NT,23,0,31540,62522,38364,32762.856,45504
11/14/2021,NT,115,1,31540,62522,38364,32762.856,45504
11/21/2021,NT,35,0,31780,62522,38364,32762.856,45504
1/3/2021,NS,4,0,2489.569813,9550,884353,772924.522,992055
1/10/2021,NS,27,0,2521.604718,13450,884353,772924.522,992055
1/17/2021,NS,29,0,5253.724531,21924,884353,772924.522,992055
1/24/2021,NS,14,0,7585.865664,26643,884353,772924.522,992055
1/31/2021,NS,9,0,11065.7717,26643,884353,772924.522,992055
2/7/2021,NS,5,0,11760.47152,28071,884353,772924.522,992055
2/14/2021,NS,8,0,13479.37303,28711,884353,772924.522,992055
2/21/2021,NS,16,0,13651.44623,39241,884353,772924.522,992055
2/28/2021,NS,32,0,18062.1951,53755,884353,772924.522,992055
3/7/2021,NS,18,0,22892.1436,59247,884353,772924.522,992055
3/14/2021,NS,11,0,29256.10643,83897,884353,772924.522,992055
3/21/2021,NS,18,1,37361.85285,102997,884353,772924.522,992055
3/28/2021,NS,23,0,59201.42097,134530,884353,772924.522,992055
4/4/2021,NS,28,0,76697.05589,161756,884353,772924.522,992055
4/11/2021,NS,29,0,106921.5317,235259,884353,772924.522,992055
4/18/2021,NS,39,1,159154.9031,285381,884353,772924.522,992055
4/25/2021,NS,246,0,218355.4088,313458,884353,772924.522,992055
5/2/2021,NS,655,0,259768.3043,338035,884353,772924.522,992055
5/9/2021,NS,1211,4,298509.4886,414001,884353,772924.522,992055
5/16/2021,NS,827,2,355597.5211,481851,884353,772924.522,992055
5/23/2021,NS,551,7,421897.8772,532995,884353,772924.522,992055
5/30/2021,NS,266,6,492301.447,609997,884353,772924.522,992055
6/6/2021,NS,116,3,540845.3125,680799,884353,772924.522,992055
6/13/2021,NS,85,1,590053.6735,744326,884353,772924.522,992055
6/20/2021,NS,53,1,629125.275,799917,884353,772924.522,992055
6/27/2021,NS,37,2,639150.3699,991624,884353,772924.522,992055
7/4/2021,NS,26,0,643494.3031,1087869,884353,772924.522,992055
7/11/2021,NS,17,0,651047.2186,1087869,884353,772924.522,992055
7/18/2021,NS,5,0,663531.679,1087869,884353,772924.522,992055
7/25/2021,NS,9,1,666940.193,1087869,884353,772924.522,992055
8/1/2021,NS,5,0,674082.1464,1087869,884353,772924.522,992055
8/8/2021,NS,13,0,681059.3488,1087869,884353,772924.522,992055
8/15/2021,NS,20,0,684312.2647,1087869,884353,772924.522,992055
8/22/2021,NS,37,0,686557.4539,1087869,884353,772924.522,992055
8/29/2021,NS,45,1,691400.2164,1087869,884353,772924.522,992055
9/5/2021,NS,51,0,694492.9577,1087869,884353,772924.522,992055
9/12/2021,NS,71,0,699358.6022,1087869,884353,772924.522,992055
9/19/2021,NS,197,0,706170.1384,1087869,884353,772924.522,992055
9/26/2021,NS,174,1,712417.8603,1087869,884353,772924.522,992055
10/3/2021,NS,233,2,718435.8462,1087869,884353,772924.522,992055
10/10/2021,NS,206,1,725260.1964,1087869,884353,772924.522,992055
10/17/2021,NS,167,0,731788.9102,1087869,884353,772924.522,992055
10/24/2021,NS,132,0,737376.713,1087869,884353,772924.522,992055
10/31/2021,NS,145,2,741079.9481,1087869,884353,772924.522,992055
11/7/2021,NS,198,1,743311.4081,1087869,884353,772924.522,992055
11/14/2021,NS,267,1,745107.1934,1087869,884353,772924.522,992055
11/21/2021,NS,199,3,751814.3873,1087869,884353,772924.522,992055
1/3/2021,AB,1604,96,13383,46150,3791830,3325434.91,4442879
1/10/2021,AB,6584,165,44298,59800,3791830,3325434.91,4442879
1/17/2021,AB,5193,140,81859,83451,3791830,3325434.91,4442879
1/24/2021,AB,3822,129,89557,118650,3791830,3325434.91,4442879
1/31/2021,AB,3029,73,90238,118650,3791830,3325434.91,4442879
2/7/2021,AB,2513,61,90668,118650,3791830,3325434.91,4442879
2/14/2021,AB,2052,72,94996,118650,3791830,3325434.91,4442879
2/21/2021,AB,2276,61,103236,155193,3791830,3325434.91,4442879
2/28/2021,AB,2462,45,139961,208777,3791830,3325434.91,4442879
3/7/2021,AB,2294,32,202240,235827,3791830,3325434.91,4442879
3/14/2021,AB,2649,29,288021,345807,3791830,3325434.91,4442879
3/21/2021,AB,3570,19,388455,437308,3791830,3325434.91,4442879
3/28/2021,AB,4482,15,504407,604390,3791830,3325434.91,4442879
4/4/2021,AB,6341,15,600594,752184,3791830,3325434.91,4442879
4/11/2021,AB,8789,20,728292,1096969,3791830,3325434.91,4442879
4/18/2021,AB,10069,25,932880,1285338,3791830,3325434.91,4442879
4/25/2021,AB,11037,31,1127370,1343309,3791830,3325434.91,4442879
5/2/2021,AB,13526,23,1305432,1424335,3791830,3325434.91,4442879
5/9/2021,AB,13403,27,1556400,1708493,3791830,3325434.91,4442879
5/16/2021,AB,9488,31,1850072,2045326,3791830,3325434.91,4442879
5/23/2021,AB,5092,35,1854382,2267811,3791830,3325434.91,4442879
5/30/2021,AB,2938,44,2357833,2624109,3791830,3325434.91,4442879
6/6/2021,AB,1881,21,2511236,2914175,3791830,3325434.91,4442879
6/13/2021,AB,1277,22,2589472,3085165,3791830,3325434.91,4442879
6/20/2021,AB,795,22,2638391,3129157,3791830,3325434.91,4442879
6/27/2021,AB,502,5,2663494,3933032,3791830,3325434.91,4442879
7/4/2021,AB,352,8,2717742,4279523,3791830,3325434.91,4442879
7/11/2021,AB,295,4,2747926,4279523,3791830,3325434.91,4442879
7/18/2021,AB,299,9,2779941,4279523,3791830,3325434.91,4442879
7/25/2021,AB,786,6,2803897,4279523,3791830,3325434.91,4442879
8/1/2021,AB,1354,6,2825516,4279523,3791830,3325434.91,4442879
8/8/2021,AB,2091,4,2842134,4279523,3791830,3325434.91,4442879
8/15/2021,AB,3321,5,2858602,4279523,3791830,3325434.91,4442879
8/22/2021,AB,4607,15,2876600,4279523,3791830,3325434.91,4442879
8/29/2021,AB,7038,23,2898859,4279523,3791830,3325434.91,4442879
9/5/2021,AB,8577,19,2925095,4279523,3791830,3325434.91,4442879
9/12/2021,AB,10219,72,2947934,4279523,3791830,3325434.91,4442879
9/19/2021,AB,11390,83,3031198,4279523,3791830,3325434.91,4442879
9/26/2021,AB,11340,100,3089325,4372101,3791830,3325434.91,4442879
10/3/2021,AB,10363,107,3136368,4405359,3791830,3325434.91,4442879
10/10/2021,AB,7234,78,3175136,4667417,3791830,3325434.91,4442879
10/17/2021,AB,5403,146,3203485,4667417,3791830,3325434.91,4442879
10/24/2021,AB,4369,75,3229562,4674435,3791830,3325434.91,4442879
10/31/2021,AB,3442,60,3244251,4674435,3791830,3325434.91,4442879
11/7/2021,AB,3133,44,3258867,4674435,3791830,3325434.91,4442879
11/14/2021,AB,2851,33,3272662,4674435,3791830,3325434.91,4442879
11/21/2021,AB,2393,23,3290358,4748887,3791830,3325434.91,4442879
1/3/2021,QC,4714,77,26751.31059,88075,7532471,6590912.125,8604495
1/10/2021,QC,17442,331,78716.23941,115375,7532471,6590912.125,8604495
1/17/2021,QC,14045,350,137780.8271,162175,7532471,6590912.125,8604495
1/24/2021,QC,10491,349,206815.3698,238100,7532471,6590912.125,8604495
1/31/2021,QC,8744,255,226350.7731,238100,7532471,6590912.125,8604495
2/7/2021,QC,7405,199,243366.5158,256625,7532471,6590912.125,8604495
2/14/2021,QC,6476,146,277617.2664,310425,7532471,6590912.125,8604495
2/21/2021,QC,5349,98,326993.5416,400515,7532471,6590912.125,8604495
2/28/2021,QC,5370,71,408044.2003,537819,7532471,6590912.125,8604495
3/7/2021,QC,4940,66,517949.0371,638439,7532471,6590912.125,8604495
3/14/2021,QC,4998,57,674839.9685,852059,7532471,6590912.125,8604495
3/21/2021,QC,5408,52,893489.0482,1050349,7532471,6590912.125,8604495
3/28/2021,QC,6217,41,1151896.974,1372573,7532471,6590912.125,8604495
4/4/2021,QC,8109,41,1440689.209,1652883,7532471,6590912.125,8604495
4/11/2021,QC,11675,52,1770547.376,2358067,7532471,6590912.125,8604495
4/18/2021,QC,10230,68,2197645.919,2818340,7532471,6590912.125,8604495
4/25/2021,QC,7721,71,2621011.282,3036703,7532471,6590912.125,8604495
5/2/2021,QC,7278,77,2938815.528,3246862,7532471,6590912.125,8604495
5/9/2021,QC,6243,41,3344413.787,3954824,7532471,6590912.125,8604495
5/16/2021,QC,5482,44,3849672.845,4403121,7532471,6590912.125,8604495
5/23/2021,QC,4132,46,4349589.202,4830322,7532471,6590912.125,8604495
5/30/2021,QC,2779,32,4798458.331,5430434,7532471,6590912.125,8604495
6/6/2021,QC,1790,29,5225902.784,5950839,7532471,6590912.125,8604495
6/13/2021,QC,1285,18,5490823.456,6372659,7532471,6590912.125,8604495
6/20/2021,QC,962,16,5615747.02,6572533,7532471,6590912.125,8604495
6/27/2021,QC,645,11,5666935.07,8009201,7532471,6590912.125,8604495
7/4/2021,QC,511,11,5715503.277,8883495,7532471,6590912.125,8604495
7/11/2021,QC,492,5,5761111.402,8883495,7532471,6590912.125,8604495
7/18/2021,QC,515,5,5810153.109,8883495,7532471,6590912.125,8604495
7/25/2021,QC,681,8,5858836.619,8883495,7532471,6590912.125,8604495
8/1/2021,QC,897,3,5897300.666,8883495,7532471,6590912.125,8604495
8/8/2021,QC,1568,2,5939843.803,8883495,7532471,6590912.125,8604495
8/15/2021,QC,2448,3,5995233.807,8883495,7532471,6590912.125,8604495
8/22/2021,QC,3127,7,6049554.892,8883495,7532471,6590912.125,8604495
8/29/2021,QC,3521,2,6104701.058,8883495,7532471,6590912.125,8604495
9/5/2021,QC,4401,13,6164828.893,8883495,7532471,6590912.125,8604495
9/12/2021,QC,4926,14,6214640.864,8883495,7532471,6590912.125,8604495
9/19/2021,QC,5111,23,6263405.654,8883495,7532471,6590912.125,8604495
9/26/2021,QC,4709,24,6290519.886,8883495,7532471,6590912.125,8604495
10/3/2021,QC,3854,29,6315190.067,8883495,7532471,6590912.125,8604495
10/10/2021,QC,3805,28,6340419.752,8883495,7532471,6590912.125,8604495
10/17/2021,QC,3954,29,6364094.732,8883495,7532471,6590912.125,8604495
10/24/2021,QC,2889,33,6385542.091,8883495,7532471,6590912.125,8604495
10/31/2021,QC,3275,21,6399886.011,8883495,7532471,6590912.125,8604495
11/7/2021,QC,3986,20,6412542.911,8883495,7532471,6590912.125,8604495
11/14/2021,QC,4341,22,6426978.506,8883495,7532471,6590912.125,8604495
11/21/2021,QC,4112,13,6441210.902,8883495,7532471,6590912.125,8604495
1/3/2021,NB,17,0,2886,8250,701879,656256.865,789225
1/10/2021,NB,161,0,6241,11175,701879,656256.865,789225
1/17/2021,NB,168,3,7918,17775,701879,656256.865,789225
1/24/2021,NB,177,1,11516,19110,701879,656256.865,789225
1/31/2021,NB,131,5,12791,19110,701879,656256.865,789225
2/7/2021,NB,89,2,13262,19110,701879,656256.865,789225
2/14/2021,NB,55,2,13661,19322,701879,656256.865,789225
2/21/2021,NB,24,3,15271,27512,701879,656256.865,789225
2/28/2021,NB,7,2,21700,35743,701879,656256.865,789225
3/7/2021,NB,24,1,26329,43988,701879,656256.865,789225
3/14/2021,NB,16,2,39189,63848,701879,656256.865,789225
3/21/2021,NB,20,0,49626,81295,701879,656256.865,789225
3/28/2021,NB,87,0,80204,110946,701879,656256.865,789225
4/4/2021,NB,75,0,110951,135485,701879,656256.865,789225
4/11/2021,NB,70,3,135849,199257,701879,656256.865,789225
4/18/2021,NB,66,0,182776,239416,701879,656256.865,789225
4/25/2021,NB,63,2,219409,258561,701879,656256.865,789225
5/2/2021,NB,88,2,244129,274267,701879,656256.865,789225
5/9/2021,NB,63,4,277851,346539,701879,656256.865,789225
5/16/2021,NB,61,0,323472,385654,701879,656256.865,789225
5/23/2021,NB,66,2,387011,436950,701879,656256.865,789225
5/30/2021,NB,71,0,432216,496891,701879,656256.865,789225
6/6/2021,NB,65,1,484535,550637,701879,656256.865,789225
6/13/2021,NB,33,1,510209,595541,701879,656256.865,789225
6/20/2021,NB,20,0,521297,616556,701879,656256.865,789225
6/27/2021,NB,7,0,531245,729513,701879,656256.865,789225
7/4/2021,NB,12,1,537891,816386,701879,656256.865,789225
7/11/2021,NB,1,0,545921,816386,701879,656256.865,789225
7/18/2021,NB,10,0,552572,816386,701879,656256.865,789225
7/25/2021,NB,4,0,559688,816386,701879,656256.865,789225
8/1/2021,NB,33,0,565166,825608,701879,656256.865,789225
8/8/2021,NB,51,0,569327,836411,701879,656256.865,789225
8/15/2021,NB,56,0,573062,836411,701879,656256.865,789225
8/22/2021,NB,124,0,577159,836411,701879,656256.865,789225
8/29/2021,NB,107,0,581890,836411,701879,656256.865,789225
9/5/2021,NB,77,0,591185,836411,701879,656256.865,789225
9/12/2021,NB,111,1,594428,836411,701879,656256.865,789225
9/19/2021,NB,328,1,602471,836411,701879,656256.865,789225
9/26/2021,NB,613,6,613721,836411,701879,656256.865,789225
10/3/2021,NB,655,12,622821,836411,701879,656256.865,789225
10/10/2021,NB,655,8,630749,836411,701879,656256.865,789225
10/17/2021,NB,633,16,635683,836411,701879,656256.865,789225
10/24/2021,NB,370,18,639574,836411,701879,656256.865,789225
10/31/2021,NB,282,9,642535,836411,701879,656256.865,789225
11/7/2021,NB,324,4,644193,836411,701879,656256.865,789225
11/14/2021,NB,425,1,645577,848898,701879,656256.865,789225
11/21/2021,NB,385,0,647285,848898,701879,656256.865,789225
1/3/2021,MB,274,10,3432,19975,1176028,1060777.256,1383765
1/10/2021,MB,1183,49,8694,25825,1176028,1060777.256,1383765
1/17/2021,MB,1195,30,16499,32745,1176028,1060777.256,1383765
1/24/2021,MB,1230,33,25839,46681,1176028,1060777.256,1383765
1/31/2021,MB,848,29,32441,46681,1176028,1060777.256,1383765
2/7/2021,MB,663,21,33641,46681,1176028,1060777.256,1383765
2/14/2021,MB,520,23,34848,46681,1176028,1060777.256,1383765
2/21/2021,MB,619,11,36279,56604,1176028,1060777.256,1383765
2/28/2021,MB,470,14,46651,75463,1176028,1060777.256,1383765
3/7/2021,MB,370,9,59400,86678,1176028,1060777.256,1383765
3/14/2021,MB,522,10,72282,121058,1176028,1060777.256,1383765
3/21/2021,MB,613,4,90578,152829,1176028,1060777.256,1383765
3/28/2021,MB,570,8,117810,196972,1176028,1060777.256,1383765
4/4/2021,MB,497,7,147826,226390,1176028,1060777.256,1383765
4/11/2021,MB,796,8,215922,340159,1176028,1060777.256,1383765
4/18/2021,MB,936,7,267700,410495,1176028,1060777.256,1383765
4/25/2021,MB,1454,13,349534,446683,1176028,1060777.256,1383765
5/2/2021,MB,1689,8,412267,482475,1176028,1060777.256,1383765
5/9/2021,MB,2650,18,473652,612951,1176028,1060777.256,1383765
5/16/2021,MB,3233,16,560533,684109,1176028,1060777.256,1383765
5/23/2021,MB,3253,20,643349,752697,1176028,1060777.256,1383765
5/30/2021,MB,2346,21,728662,858095,1176028,1060777.256,1383765
6/6/2021,MB,1976,31,786098,942204,1176028,1060777.256,1383765
6/13/2021,MB,1608,24,825173,1000244,1176028,1060777.256,1383765
6/20/2021,MB,962,19,849464,1033471,1176028,1060777.256,1383765
6/27/2021,MB,646,11,870030,1346385,1176028,1060777.256,1383765
7/4/2021,MB,436,15,894428,1371611,1176028,1060777.256,1383765
7/11/2021,MB,465,6,914318,1371611,1176028,1060777.256,1383765
7/18/2021,MB,297,4,929567,1394613,1176028,1060777.256,1383765
7/25/2021,MB,268,7,943121,1450224,1176028,1060777.256,1383765
8/1/2021,MB,206,7,958899,1532075,1176028,1060777.256,1383765
8/8/2021,MB,188,0,965803,1566786,1176028,1060777.256,1383765
8/15/2021,MB,187,5,971605,1566786,1176028,1060777.256,1383765
8/22/2021,MB,232,1,976886,1566786,1176028,1060777.256,1383765
8/29/2021,MB,392,2,983935,1566786,1176028,1060777.256,1383765
9/5/2021,MB,283,7,995895,1566786,1176028,1060777.256,1383765
9/12/2021,MB,401,5,1004844,1566786,1176028,1060777.256,1383765
9/19/2021,MB,387,4,1013099,1566786,1176028,1060777.256,1383765
9/26/2021,MB,506,4,1018930,1566786,1176028,1060777.256,1383765
10/3/2021,MB,641,3,1024702,1566786,1176028,1060777.256,1383765
10/10/2021,MB,723,11,1031804,1566786,1176028,1060777.256,1383765
10/17/2021,MB,590,10,1038086,1566786,1176028,1060777.256,1383765
10/24/2021,MB,664,6,1042822,1566786,1176028,1060777.256,1383765
10/31/2021,MB,751,10,1046884,1566786,1176028,1060777.256,1383765
11/7/2021,MB,945,16,1050396,1566786,1176028,1060777.256,1383765
11/14/2021,MB,1068,12,1053146,1566786,1176028,1060777.256,1383765
11/21/2021,MB,958,17,1056316,1566786,1176028,1060777.256,1383765
1/3/2021,BC,951,0,24670,54625,4644749,4305682.323,5214805
1/10/2021,BC,3740,87,60215,71200,4644749,4305682.323,5214805
1/17/2021,BC,3274,59,89715,99440,4644749,4305682.323,5214805
1/24/2021,BC,3306,81,118152,144503,4644749,4305682.323,5214805
1/31/2021,BC,3087,61,135503,144503,4644749,4305682.323,5214805
2/7/2021,BC,3020,57,143002,151658,4644749,4305682.323,5214805
2/14/2021,BC,3005,42,149190,165866,4644749,4305682.323,5214805
2/21/2021,BC,3349,39,164249,220856,4644749,4305682.323,5214805
2/28/2021,BC,3577,28,192763,268122,4644749,4305682.323,5214805
3/7/2021,BC,3707,25,247556,298021,4644749,4305682.323,5214805
3/14/2021,BC,3823,17,323189,426861,4644749,4305682.323,5214805
3/21/2021,BC,4175,24,453484,543680,4644749,4305682.323,5214805
3/28/2021,BC,5610,28,613971,705340,4644749,4305682.323,5214805
4/4/2021,BC,6806,14,807585,901811,4644749,4305682.323,5214805
4/11/2021,BC,7900,32,1022386,1315903,4644749,4305682.323,5214805
4/18/2021,BC,7169,35,1289561,1597051,4644749,4305682.323,5214805
4/25/2021,BC,6175,24,1543285,1746192,4644749,4305682.323,5214805
5/2/2021,BC,5413,27,1781904,1883321,4644749,4305682.323,5214805
5/9/2021,BC,4366,21,2048552,2238145,4644749,4305682.323,5214805
5/16/2021,BC,3554,32,2393401,2634314,4644749,4305682.323,5214805
5/23/2021,BC,2717,33,2739776,2975180,4644749,4305682.323,5214805
5/30/2021,BC,1927,25,3063827,3363740,4644749,4305682.323,5214805
6/6/2021,BC,1227,18,3307406,3727746,4644749,4305682.323,5214805
6/13/2021,BC,924,20,3419622,3933369,4644749,4305682.323,5214805
6/20/2021,BC,683,10,3475832,3996859,4644749,4305682.323,5214805
6/27/2021,BC,428,9,3549916,4790043,4644749,4305682.323,5214805
7/4/2021,BC,250,7,3603679,5004229,4644749,4305682.323,5214805
7/11/2021,BC,318,4,3650613,5004229,4644749,4305682.323,5214805
7/18/2021,BC,344,1,3689083,5004229,4644749,4305682.323,5214805
7/25/2021,BC,628,6,3723811,5004229,4644749,4305682.323,5214805
8/1/2021,BC,1351,4,3757483,5004229,4644749,4305682.323,5214805
8/8/2021,BC,2479,1,3787832,5004229,4644749,4305682.323,5214805
8/15/2021,BC,3572,7,3815915,5004229,4644749,4305682.323,5214805
8/22/2021,BC,4183,6,3841612,5004229,4644749,4305682.323,5214805
8/29/2021,BC,4780,22,3888929,5004229,4644749,4305682.323,5214805
9/5/2021,BC,4830,20,3925357,5004229,4644749,4305682.323,5214805
9/12/2021,BC,4951,29,3961804,5004229,4644749,4305682.323,5214805
9/19/2021,BC,4470,32,4007201,5004229,4644749,4305682.323,5214805
9/26/2021,BC,5097,34,4047010,5004229,4644749,4305682.323,5214805
10/3/2021,BC,4972,51,4070961,5004229,4644749,4305682.323,5214805
10/10/2021,BC,4421,28,4096828,5004229,4644749,4305682.323,5214805
10/17/2021,BC,4068,54,4115184,5004229,4644749,4305682.323,5214805
10/24/2021,BC,4228,54,4134599,5004229,4644749,4305682.323,5214805
10/31/2021,BC,3786,47,4150753,5004229,4644749,4305682.323,5214805
11/7/2021,BC,3500,45,4164608,5004229,4644749,4305682.323,5214805
11/14/2021,BC,3227,56,4175893,5004229,4644749,4305682.323,5214805
11/21/2021,BC,2337,36,4185544,5004229,4644749,4305682.323,5214805
1/3/2021,SK,733,3,3540,13675,996896,900197.088,1179844
1/10/2021,SK,1720,33,5528,17575,996896,900197.088,1179844
1/17/2021,SK,2469,23,14323,23441,996896,900197.088,1179844
1/24/2021,SK,1905,41,23687,30980,996896,900197.088,1179844
1/31/2021,SK,1687,51,27235,30980,996896,900197.088,1179844
2/7/2021,SK,1539,35,29782,35497,996896,900197.088,1179844
2/14/2021,SK,1147,15,32883,36980,996896,900197.088,1179844
2/21/2021,SK,1070,18,37784,49850,996896,900197.088,1179844
2/28/2021,SK,1027,13,46310,58632,996896,900197.088,1179844
3/7/2021,SK,1062,13,56522,65759,996896,900197.088,1179844
3/14/2021,SK,911,9,69655,95299,996896,900197.088,1179844
3/21/2021,SK,1017,11,101130,122384,996896,900197.088,1179844
3/28/2021,SK,1394,15,134591,157414,996896,900197.088,1179844
4/4/2021,SK,1513,7,182451,196187,996896,900197.088,1179844
4/11/2021,SK,1761,15,249571,292811,996896,900197.088,1179844
4/18/2021,SK,1855,11,309498,354966,996896,900197.088,1179844
4/25/2021,SK,1772,10,360124,386232,996896,900197.088,1179844
5/2/2021,SK,1667,19,406910,417148,996896,900197.088,1179844
5/9/2021,SK,1542,8,481852,498363,996896,900197.088,1179844
5/16/2021,SK,1390,15,554319,590670,996896,900197.088,1179844
5/23/2021,SK,1074,9,604766,671884,996896,900197.088,1179844
5/30/2021,SK,1030,10,642413,757785,996896,900197.088,1179844
6/6/2021,SK,724,8,661054,818939,996896,900197.088,1179844
6/13/2021,SK,582,9,680921,844531,996896,900197.088,1179844
6/20/2021,SK,500,9,698082,844531,996896,900197.088,1179844
6/27/2021,SK,313,4,710021,1020788,996896,900197.088,1179844
7/4/2021,SK,204,2,719305,1113763,996896,900197.088,1179844
7/11/2021,SK,302,5,729040,1113763,996896,900197.088,1179844
7/18/2021,SK,173,2,736435,1154811,996896,900197.088,1179844
7/25/2021,SK,250,2,743551,1224517,996896,900197.088,1179844
8/1/2021,SK,384,1,749424,1302319,996896,900197.088,1179844
8/8/2021,SK,491,4,753498,1356017,996896,900197.088,1179844
8/15/2021,SK,747,4,757553,1356017,996896,900197.088,1179844
8/22/2021,SK,1167,0,762659,1356017,996896,900197.088,1179844
8/29/2021,SK,1403,12,768609,1356017,996896,900197.088,1179844
9/5/2021,SK,2264,13,775050,1356017,996896,900197.088,1179844
9/12/2021,SK,2576,10,780710,1356017,996896,900197.088,1179844
9/19/2021,SK,3386,18,791178,1356017,996896,900197.088,1179844
9/26/2021,SK,3400,31,805671,1356017,996896,900197.088,1179844
10/3/2021,SK,3143,41,819733,1356017,996896,900197.088,1179844
10/10/2021,SK,3389,33,834583,1356017,996896,900197.088,1179844
10/17/2021,SK,2361,34,842725,1356017,996896,900197.088,1179844
10/24/2021,SK,1917,36,850351,1419967,996896,900197.088,1179844
10/31/2021,SK,1353,34,856422,1419967,996896,900197.088,1179844
11/7/2021,SK,1060,21,861603,1419967,996896,900197.088,1179844
11/14/2021,SK,773,21,865526,1626332,996896,900197.088,1179844
11/21/2021,SK,781,15,869166,1626332,996896,900197.088,1179844
1/10/2021,YT,0,0,495,7200,37203,33929.136,42986
1/17/2021,YT,0,0,1309,7200,37203,33929.136,42986
1/24/2021,YT,0,0,3950,14400,37203,33929.136,42986
1/31/2021,YT,0,0,7355,14400,37203,33929.136,42986
2/7/2021,YT,1,0,10447,14400,37203,33929.136,42986
2/14/2021,YT,2,0,10524,18033,37203,33929.136,42986
2/21/2021,YT,0,0,10613,18033,37203,33929.136,42986
2/28/2021,YT,0,0,10959,18033,37203,33929.136,42986
3/7/2021,YT,0,0,14565,26407,37203,33929.136,42986
3/14/2021,YT,1,0,19181,26407,37203,33929.136,42986
3/21/2021,YT,0,0,22146,41038,37203,33929.136,42986
3/28/2021,YT,4,0,23028,41038,37203,33929.136,42986
4/4/2021,YT,1,0,23414,41038,37203,33929.136,42986
4/11/2021,YT,1,0,23872,41038,37203,33929.136,42986
4/18/2021,YT,5,0,24317,41038,37203,33929.136,42986
4/25/2021,YT,4,0,24817,41038,37203,33929.136,42986
5/2/2021,YT,1,1,25192,41038,37203,33929.136,42986
5/9/2021,YT,0,0,25731,41038,37203,33929.136,42986
5/16/2021,YT,2,0,26242,41038,37203,33929.136,42986
5/23/2021,YT,0,0,26731,41038,37203,33929.136,42986
5/30/2021,YT,0,0,27038,41038,37203,33929.136,42986
6/6/2021,YT,4,0,27303,41038,37203,33929.136,42986
6/13/2021,YT,24,0,27594,41038,37203,33929.136,42986
6/20/2021,YT,123,1,28208,41038,37203,33929.136,42986
6/27/2021,YT,103,1,30426,41038,37203,33929.136,42986
7/4/2021,YT,109,1,30803,41038,37203,33929.136,42986
7/11/2021,YT,58,0,31191,41038,37203,33929.136,42986
7/18/2021,YT,37,1,31424,41038,37203,33929.136,42986
7/25/2021,YT,62,0,31642,41038,37203,33929.136,42986
8/1/2021,YT,37,1,31870,41038,37203,33929.136,42986
8/8/2021,YT,23,1,32065,41038,37203,33929.136,42986
8/15/2021,YT,29,0,32169,41038,37203,33929.136,42986
8/22/2021,YT,20,0,32284,41038,37203,33929.136,42986
8/29/2021,YT,7,0,32417,41038,37203,33929.136,42986
9/5/2021,YT,14,0,32522,41038,37203,33929.136,42986
9/12/2021,YT,10,1,32616,41038,37203,33929.136,42986
9/19/2021,YT,24,0,32687,41038,37203,33929.136,42986
9/26/2021,YT,36,0,32692,41038,37203,33929.136,42986
10/3/2021,YT,19,0,32832,41038,37203,33929.136,42986
10/10/2021,YT,54,1,32874,41038,37203,33929.136,42986
10/17/2021,YT,68,0,32952,41038,37203,33929.136,42986
10/24/2021,YT,52,0,33168,41038,37203,33929.136,42986
10/31/2021,YT,54,0,33324,41038,37203,33929.136,42986
11/7/2021,YT,125,0,33446,49207,37203,33929.136,42986
11/14/2021,YT,173,1,33544,49321,37203,33929.136,42986
11/21/2021,YT,146,1,33687,49321,37203,33929.136,42986
1/10/2021,NU,0,0,26,6000,29429,28722.704,39403
1/17/2021,NU,0,0,2141,6000,29429,28722.704,39403
1/24/2021,NU,14,0,4448,12000,29429,28722.704,39403
1/31/2021,NU,14,0,5464,12000,29429,28722.704,39403
2/7/2021,NU,5,0,5864,12000,29429,28722.704,39403
2/14/2021,NU,12,0,6496,13266,29429,28722.704,39403
2/21/2021,NU,28,0,6973,13266,29429,28722.704,39403
2/28/2021,NU,18,0,7396,19793,29429,28722.704,39403
3/7/2021,NU,24,0,9199,20942,29429,28722.704,39403
3/14/2021,NU,2,0,10276,20942,29429,28722.704,39403
3/21/2021,NU,12,3,11858,31462,29429,28722.704,39403
3/28/2021,NU,0,0,13141,31462,29429,28722.704,39403
4/4/2021,NU,0,0,13415,31462,29429,28722.704,39403
4/11/2021,NU,0,0,13730,31462,29429,28722.704,39403
4/18/2021,NU,22,0,14252,32337,29429,28722.704,39403
4/25/2021,NU,38,0,15163,32337,29429,28722.704,39403
5/2/2021,NU,65,0,16055,32337,29429,28722.704,39403
5/9/2021,NU,45,0,16419,32337,29429,28722.704,39403
5/16/2021,NU,59,0,16713,32337,29429,28722.704,39403
5/23/2021,NU,14,0,17035,32337,29429,28722.704,39403
5/30/2021,NU,10,0,17235,32337,29429,28722.704,39403
6/6/2021,NU,1,0,17806,36157,29429,28722.704,39403
6/13/2021,NU,8,0,18258,45307,29429,28722.704,39403
6/20/2021,NU,0,0,19963,45307,29429,28722.704,39403
6/27/2021,NU,0,0,21064,45307,29429,28722.704,39403
7/4/2021,NU,0,0,21505,45307,29429,28722.704,39403
7/11/2021,NU,0,0,22034,45307,29429,28722.704,39403
7/18/2021,NU,0,0,22506,45307,29429,28722.704,39403
7/25/2021,NU,0,0,22742,45307,29429,28722.704,39403
8/1/2021,NU,0,0,22932,45307,29429,28722.704,39403
8/8/2021,NU,0,0,23132,45307,29429,28722.704,39403
8/15/2021,NU,0,0,23305,45307,29429,28722.704,39403
8/22/2021,NU,0,0,23527,45307,29429,28722.704,39403
8/29/2021,NU,0,0,23708,45307,29429,28722.704,39403
9/5/2021,NU,1,0,23874,45307,29429,28722.704,39403
9/12/2021,NU,0,0,24120,45307,29429,28722.704,39403
9/19/2021,NU,3,0,24392,45307,29429,28722.704,39403
9/26/2021,NU,2,0,24714,45307,29429,28722.704,39403
10/3/2021,NU,1,0,24980,45307,29429,28722.704,39403
10/10/2021,NU,2,0,25227,45307,29429,28722.704,39403
10/17/2021,NU,8,0,25658,45307,29429,28722.704,39403
10/24/2021,NU,0,0,26045,45307,29429,28722.704,39403
10/31/2021,NU,0,0,26276,45307,29429,28722.704,39403
11/7/2021,NU,0,0,26442,46767,29429,28722.704,39403
11/14/2021,NU,0,0,26672,47383,29429,28722.704,39403
11/21/2021,NU,0,0,26961,47383,29429,28722.704,39403
1/17/2021,ON,4809,143,189240,266193,13038032,11838533.06,14826276
1/24/2021,ON,16117,402,249132,400793,13038032,11838533.06,14826276
1/31/2021,ON,12438,362,270795,400793,13038032,11838533.06,14826276
2/7/2021,ON,9432,236,277440,400793,13038032,11838533.06,14826276
2/14/2021,ON,7728,181,292983,400793,13038032,11838533.06,14826276
2/21/2021,ON,7518,132,319915,508612,13038032,11838533.06,14826276
2/28/2021,ON,7693,90,425162,668232,13038032,11838533.06,14826276
3/7/2021,ON,8191,88,619315,814913,13038032,11838533.06,14826276
3/14/2021,ON,9477,80,874937,1185173,13038032,11838533.06,14826276
3/21/2021,ON,11394,77,1225457,1494468,13038032,11838533.06,14826276
3/28/2021,ON,15039,117,1672351,2055250,13038032,11838533.06,14826276
4/4/2021,ON,19621,115,2171573,2516638,13038032,11838533.06,14826276
4/11/2021,ON,26642,150,2808322,3706907,13038032,11838533.06,14826276
4/18/2021,ON,31179,198,3493866,4519919,13038032,11838533.06,14826276
4/25/2021,ON,27714,218,4268812,4902559,13038032,11838533.06,14826276
5/2/2021,ON,24512,205,4951946,5284638,13038032,11838533.06,14826276
5/9/2021,ON,20087,209,5754150,6681107,13038032,11838533.06,14826276
5/16/2021,ON,15933,151,6638361,7450831,13038032,11838533.06,14826276
5/23/2021,ON,12168,144,7537294,8455867,13038032,11838533.06,14826276
5/30/2021,ON,7259,130,8298869,9543412,13038032,11838533.06,14826276
6/6/2021,ON,4995,90,8963082,10502599,13038032,11838533.06,14826276
6/13/2021,ON,3345,44,9413440,11120140,13038032,11838533.06,14826276
6/20/2021,ON,2330,41,9677721,11293570,13038032,11838533.06,14826276
6/27/2021,ON,1830,35,9864684,13704372,13038032,11838533.06,14826276
7/4/2021,ON,1420,28,10006851,14998771,13038032,11838533.06,14826276
7/11/2021,ON,1192,36,10142704,14998771,13038032,11838533.06,14826276
7/18/2021,ON,1041,27,10269103,14998771,13038032,11838533.06,14826276
7/25/2021,ON,1114,15,10383281,14998771,13038032,11838533.06,14826276
8/1/2021,ON,1365,17,10485065,15438024,13038032,11838533.06,14826276
8/8/2021,ON,2088,9,10553582,16090655,13038032,11838533.06,14826276
8/15/2021,ON,3285,12,10624677,16853368,13038032,11838533.06,14826276
8/22/2021,ON,4182,12,10712555,16853368,13038032,11838533.06,14826276
8/29/2021,ON,4854,15,10797333,16853368,13038032,11838533.06,14826276
9/5/2021,ON,5210,33,10886925,16853368,13038032,11838533.06,14826276
9/12/2021,ON,5024,44,10997962,16853368,13038032,11838533.06,14826276
9/19/2021,ON,4868,36,11088718,16853368,13038032,11838533.06,14826276
9/26/2021,ON,4297,36,11191067,16853368,13038032,11838533.06,14826276
10/3/2021,ON,4024,34,11272941,16853368,13038032,11838533.06,14826276
10/10/2021,ON,3679,33,11346301,16853368,13038032,11838533.06,14826276
10/17/2021,ON,2915,20,11401106,16853368,13038032,11838533.06,14826276
10/24/2021,ON,2497,36,11454409,16853368,13038032,11838533.06,14826276
10/31/2021,ON,2600,23,11497222,16853368,13038032,11838533.06,14826276
11/7/2021,ON,3433,27,11532131,16853368,13038032,11838533.06,14826276
11/14/2021,ON,4003,31,11565749,16853368,13038032,11838533.06,14826276
11/21/2021,ON,4076,34,11598644,16853368,13038032,11838533.06,14826276
